#node1	node2	node1_string_id	node2_string_id	neighborhood_on_chromosome	gene_fusion	phylogenetic_cooccurrence	homology	coexpression	experimentally_determined_interaction	database_annotated	automated_textmining	combined_score
ACTR2	RAC2	9606.ENSP00000367220	9606.ENSP00000249071	0	0	0	0	0.209	0.070	0	0.413	0.530
ACTR2	ATP6V1A	9606.ENSP00000367220	9606.ENSP00000273398	0	0	0	0	0.286	0.050	0	0.192	0.405
ACTR2	EZR	9606.ENSP00000367220	9606.ENSP00000338934	0	0	0	0	0.133	0.046	0	0.362	0.426
ACTR2	EFHD2	9606.ENSP00000367220	9606.ENSP00000365147	0	0	0	0	0.108	0.508	0	0	0.542
ACTR2	RHOA	9606.ENSP00000367220	9606.ENSP00000400175	0	0	0	0	0.281	0.070	0	0.515	0.647
ACTR2	CAPZB	9606.ENSP00000367220	9606.ENSP00000401010	0	0	0	0	0.201	0.302	0	0.453	0.669
ACTR2	DBN1	9606.ENSP00000367220	9606.ENSP00000377195	0	0	0	0	0.067	0.524	0	0.344	0.684
ACTR2	CDC42	9606.ENSP00000367220	9606.ENSP00000497733	0	0	0	0	0.555	0.154	0.500	0.765	0.950
ACTR2	ARPC1B	9606.ENSP00000367220	9606.ENSP00000389631	0	0	0	0	0.746	0.997	0.900	0.991	0.999
AKR1A1	CBR1	9606.ENSP00000361140	9606.ENSP00000290349	0	0	0	0	0.126	0.045	0.098	0.893	0.909
AKR1A1	CBR3	9606.ENSP00000361140	9606.ENSP00000290354	0	0	0	0	0.111	0.045	0.098	0.911	0.923
ALDOC	PYGB	9606.ENSP00000378731	9606.ENSP00000216962	0.042	0	0	0	0.202	0.053	0	0.325	0.446
APOL2	GBP1	9606.ENSP00000249066	9606.ENSP00000359504	0	0	0	0	0.248	0	0	0.248	0.410
ARHGAP18	CDC42	9606.ENSP00000357131	9606.ENSP00000497733	0	0	0	0	0.070	0.101	0	0.340	0.401
ARHGAP18	RHOA	9606.ENSP00000357131	9606.ENSP00000400175	0	0	0	0	0.070	0.101	0.400	0.460	0.693
ARPC1B	RAC2	9606.ENSP00000389631	9606.ENSP00000249071	0	0	0	0	0.300	0	0	0.321	0.505
ARPC1B	CAPZB	9606.ENSP00000389631	9606.ENSP00000401010	0	0	0	0	0.259	0.273	0	0.340	0.614
ARPC1B	CDC42	9606.ENSP00000389631	9606.ENSP00000497733	0	0	0	0	0.324	0	0.500	0.434	0.792
ATG5	PTK2	9606.ENSP00000358072	9606.ENSP00000341189	0	0	0	0	0.103	0	0	0.374	0.415
ATG5	STAT1	9606.ENSP00000358072	9606.ENSP00000354394	0	0	0	0	0.090	0.181	0	0.443	0.549
ATG5	COX4I1	9606.ENSP00000358072	9606.ENSP00000457513	0	0	0	0	0.091	0	0	0.393	0.425
ATG5	CASP1	9606.ENSP00000358072	9606.ENSP00000433138	0	0	0	0	0.058	0.105	0	0.787	0.805
ATP6V1A	PPA2	9606.ENSP00000273398	9606.ENSP00000343885	0	0	0	0	0.226	0	0.650	0.168	0.755
ATP6V1A	ATP6V1B2	9606.ENSP00000273398	9606.ENSP00000276390	0.111	0	0.246	0.585	0.878	0.994	0.956	0.859	0.999
ATP6V1B2	PPA2	9606.ENSP00000276390	9606.ENSP00000343885	0	0	0	0	0.257	0	0.650	0.157	0.761
ATP6V1B2	HMGCL	9606.ENSP00000276390	9606.ENSP00000363614	0	0.832	0	0	0.056	0	0	0.102	0.845
B2M	CD74	9606.ENSP00000497910	9606.ENSP00000009530	0	0	0	0	0.223	0	0.540	0.506	0.808
B2M	PSME2	9606.ENSP00000497910	9606.ENSP00000216802	0	0	0	0	0.499	0	0	0.299	0.634
B2M	ICAM1	9606.ENSP00000497910	9606.ENSP00000264832	0	0	0	0	0.104	0	0	0.655	0.677
B2M	ERAP1	9606.ENSP00000497910	9606.ENSP00000296754	0	0	0	0	0.141	0	0	0.465	0.521
B2M	TAP1	9606.ENSP00000497910	9606.ENSP00000346206	0	0	0	0	0.403	0.514	0.900	0.531	0.984
B2M	PSMB10	9606.ENSP00000497910	9606.ENSP00000351314	0	0	0	0	0.244	0	0	0.399	0.526
B2M	STAT1	9606.ENSP00000497910	9606.ENSP00000354394	0	0	0	0	0.325	0	0.500	0.469	0.805
B2M	GBP1	9606.ENSP00000497910	9606.ENSP00000359504	0	0	0	0	0.296	0	0	0.290	0.479
B2M	IFIT1	9606.ENSP00000497910	9606.ENSP00000360869	0	0	0	0	0.123	0	0	0.365	0.419
B2M	PSMB9	9606.ENSP00000497910	9606.ENSP00000363993	0	0	0	0	0.367	0	0	0.578	0.721
B2M	TAP2	9606.ENSP00000497910	9606.ENSP00000364032	0	0	0	0	0.155	0.294	0.900	0.418	0.960
B2M	HLA-C	9606.ENSP00000497910	9606.ENSP00000365402	0	0	0	0	0.439	0.990	0.900	0.969	0.999
B2M	PSME1	9606.ENSP00000497910	9606.ENSP00000372155	0	0	0	0	0.369	0	0	0.310	0.546
B2M	HLA-DRA	9606.ENSP00000497910	9606.ENSP00000378786	0	0	0	0.750	0.335	0	0.720	0.457	0.890
B2M	HLA-A	9606.ENSP00000497910	9606.ENSP00000379873	0	0	0	0	0.747	0.995	0.900	0.998	0.999
B2M	HLA-DPA1	9606.ENSP00000497910	9606.ENSP00000393566	0	0	0	0.809	0.256	0	0.720	0.100	0.796
B2M	HLA-B	9606.ENSP00000497910	9606.ENSP00000399168	0	0	0	0	0.767	0.995	0.900	0.988	0.999
B2M	RHOA	9606.ENSP00000497910	9606.ENSP00000400175	0	0	0	0	0.144	0.162	0	0.249	0.415
B2M	TAPBP	9606.ENSP00000497910	9606.ENSP00000404833	0	0	0	0	0.203	0.926	0.900	0.991	0.999
B2M	CASP1	9606.ENSP00000497910	9606.ENSP00000433138	0	0	0	0	0.292	0	0	0.272	0.463
BCAP29	TAPBP	9606.ENSP00000368414	9606.ENSP00000404833	0	0	0	0	0.042	0	0	0.487	0.488
CAPZB	ESYT1	9606.ENSP00000401010	9606.ENSP00000267113	0	0	0	0	0.083	0	0.400	0	0.426
CAPZB	PLEKHO2	9606.ENSP00000401010	9606.ENSP00000326706	0	0	0	0	0.060	0.729	0	0.201	0.778
CAPZB	EZR	9606.ENSP00000401010	9606.ENSP00000338934	0	0	0	0	0.071	0	0.500	0.237	0.614
CAPZB	EFHD2	9606.ENSP00000401010	9606.ENSP00000365147	0	0	0	0	0.066	0.075	0.400	0.280	0.577
CAPZB	PSME1	9606.ENSP00000401010	9606.ENSP00000372155	0	0	0	0	0.065	0	0	0.398	0.413
CAPZB	DBN1	9606.ENSP00000401010	9606.ENSP00000377195	0	0	0	0	0.090	0.518	0.400	0.427	0.829
CAPZB	CDC42	9606.ENSP00000401010	9606.ENSP00000497733	0	0	0	0	0.269	0.258	0	0.148	0.497
CASP1	PYCARD	9606.ENSP00000433138	9606.ENSP00000247470	0	0	0	0	0.318	0.983	0.900	0.999	0.999
CASP1	RAC2	9606.ENSP00000433138	9606.ENSP00000249071	0	0	0	0	0.291	0.053	0	0.217	0.429
CASP1	LGALS3	9606.ENSP00000433138	9606.ENSP00000254301	0	0	0	0	0.126	0.052	0	0.370	0.433
CASP1	ICAM1	9606.ENSP00000433138	9606.ENSP00000264832	0	0	0	0	0.159	0	0	0.601	0.650
CASP1	STAT1	9606.ENSP00000433138	9606.ENSP00000354394	0	0	0	0	0.301	0	0	0.591	0.702
CASP1	GBP1	9606.ENSP00000433138	9606.ENSP00000359504	0	0	0	0	0.384	0	0	0.342	0.578
CASP1	PSMB9	9606.ENSP00000433138	9606.ENSP00000363993	0	0	0	0	0.387	0	0	0.215	0.499
CASP1	SOD2	9606.ENSP00000433138	9606.ENSP00000446252	0	0	0	0	0.161	0	0	0.373	0.452
CBR1	CBR3	9606.ENSP00000290349	9606.ENSP00000290354	0	0	0.053	0.974	0.188	0.727	0.900	0.338	0.983
CD74	LGALS3	9606.ENSP00000009530	9606.ENSP00000254301	0	0	0	0	0.099	0	0	0.392	0.429
CD74	RAC2	9606.ENSP00000009530	9606.ENSP00000249071	0	0	0	0	0.223	0.114	0	0.243	0.433
CD74	PSMB9	9606.ENSP00000009530	9606.ENSP00000363993	0	0	0	0	0.234	0	0	0.355	0.485
CD74	ICAM1	9606.ENSP00000009530	9606.ENSP00000264832	0	0	0	0	0.182	0	0	0.400	0.488
CD74	EZR	9606.ENSP00000009530	9606.ENSP00000338934	0	0	0	0	0.094	0	0	0.471	0.500
CD74	STAT1	9606.ENSP00000009530	9606.ENSP00000354394	0	0	0	0	0.193	0	0	0.412	0.505
CD74	TAPBP	9606.ENSP00000009530	9606.ENSP00000404833	0	0	0	0	0.199	0.179	0	0.430	0.592
CD74	SOD2	9606.ENSP00000009530	9606.ENSP00000446252	0	0	0	0	0.202	0.443	0	0.268	0.646
CD74	HLA-B	9606.ENSP00000009530	9606.ENSP00000399168	0	0	0	0	0.367	0	0.540	0.370	0.800
CD74	HLA-A	9606.ENSP00000009530	9606.ENSP00000379873	0	0	0	0	0.358	0	0.540	0.400	0.807
CD74	HLA-C	9606.ENSP00000009530	9606.ENSP00000365402	0	0	0	0	0.248	0	0.540	0.508	0.815
CD74	HLA-DPA1	9606.ENSP00000009530	9606.ENSP00000393566	0	0	0	0	0.811	0.294	0.900	0.587	0.993
CD74	HLA-DRA	9606.ENSP00000009530	9606.ENSP00000378786	0	0	0	0	0.852	0.940	0.900	0.664	0.999
CDC42	RAC2	9606.ENSP00000497733	9606.ENSP00000249071	0	0	0.055	0.970	0.218	0.206	0.900	0.181	0.943
CDC42	RAB10	9606.ENSP00000497733	9606.ENSP00000264710	0	0	0	0.712	0.272	0.134	0	0.150	0.418
CDC42	ICAM1	9606.ENSP00000497733	9606.ENSP00000264832	0	0	0	0	0.093	0	0	0.418	0.449
CDC42	EZR	9606.ENSP00000497733	9606.ENSP00000338934	0	0	0	0	0.060	0.071	0	0.756	0.768
CDC42	PTK2	9606.ENSP00000497733	9606.ENSP00000341189	0	0	0	0	0.080	0	0.500	0.791	0.895
CDC42	STAT1	9606.ENSP00000497733	9606.ENSP00000354394	0	0	0	0	0.094	0.157	0	0.458	0.550
CDC42	DBN1	9606.ENSP00000497733	9606.ENSP00000377195	0	0	0	0	0.042	0.124	0	0.429	0.479
CDC42	RHOA	9606.ENSP00000497733	9606.ENSP00000400175	0	0	0.062	0.948	0.361	0.295	0.900	0.103	0.955
CNDP2	LAP3	9606.ENSP00000325548	9606.ENSP00000226299	0.057	0	0	0	0.203	0	0	0.382	0.495
CNDP2	NAGK	9606.ENSP00000325548	9606.ENSP00000477639	0	0	0	0	0.153	0	0	0.384	0.456
COX4I1	NDUFA5	9606.ENSP00000457513	9606.ENSP00000417142	0	0	0	0	0.406	0.900	0	0.405	0.962
COX4I1	SOD2	9606.ENSP00000457513	9606.ENSP00000446252	0	0	0	0	0.117	0	0	0.593	0.625
DBN1	ESYT1	9606.ENSP00000377195	9606.ENSP00000267113	0	0	0	0	0.056	0	0.400	0.054	0.417
DBN1	SNRPD2	9606.ENSP00000377195	9606.ENSP00000342374	0	0	0	0	0.059	0	0	0.411	0.422
DBN1	EFHD2	9606.ENSP00000377195	9606.ENSP00000365147	0	0	0	0	0.068	0	0.400	0.057	0.427
DCK	NDUFA5	9606.ENSP00000286648	9606.ENSP00000417142	0	0	0	0	0.063	0.509	0.270	0.102	0.658
DNMT3A	STAT1	9606.ENSP00000264709	9606.ENSP00000354394	0	0	0	0	0.049	0.074	0	0.552	0.571
EFHD2	LGALS3	9606.ENSP00000365147	9606.ENSP00000254301	0	0	0	0	0.067	0	0	0.426	0.441
EFHD2	ESYT1	9606.ENSP00000365147	9606.ENSP00000267113	0	0	0	0	0.050	0	0.400	0.072	0.424
ERAP1	PSME2	9606.ENSP00000296754	9606.ENSP00000216802	0	0	0	0	0.068	0	0	0.456	0.472
ERAP1	PSME1	9606.ENSP00000296754	9606.ENSP00000372155	0	0	0	0	0.075	0	0	0.449	0.469
ERAP1	PSMB10	9606.ENSP00000296754	9606.ENSP00000351314	0	0	0	0	0.073	0.070	0	0.511	0.542
ERAP1	PSMB9	9606.ENSP00000296754	9606.ENSP00000363993	0	0	0	0	0.146	0	0	0.515	0.568
ERAP1	HLA-A	9606.ENSP00000296754	9606.ENSP00000379873	0	0	0	0	0.085	0	0	0.579	0.598
ERAP1	TAPBP	9606.ENSP00000296754	9606.ENSP00000404833	0	0	0	0	0.130	0	0	0.809	0.827
ERAP1	HLA-B	9606.ENSP00000296754	9606.ENSP00000399168	0	0	0	0	0.097	0.238	0	0.835	0.876
ERAP1	HLA-C	9606.ENSP00000296754	9606.ENSP00000365402	0	0	0	0	0.093	0	0	0.881	0.887
ESYT1	RAC2	9606.ENSP00000267113	9606.ENSP00000249071	0	0	0	0	0.084	0.125	0.500	0	0.564
EZR	LGALS3	9606.ENSP00000338934	9606.ENSP00000254301	0	0	0	0	0.082	0	0	0.495	0.516
EZR	ICAM1	9606.ENSP00000338934	9606.ENSP00000264832	0	0	0	0	0.049	0.318	0.900	0.980	0.998
EZR	PTK2	9606.ENSP00000338934	9606.ENSP00000341189	0	0	0	0	0.049	0.295	0	0.781	0.840
EZR	RHOA	9606.ENSP00000338934	9606.ENSP00000400175	0	0	0	0	0.103	0.496	0	0.791	0.897
FAHD2A	HMGCL	9606.ENSP00000233379	9606.ENSP00000363614	0.083	0	0	0	0.117	0	0.414	0.062	0.495
GBP1	PSME2	9606.ENSP00000359504	9606.ENSP00000216802	0	0	0	0	0.410	0.052	0	0.295	0.571
GBP1	LAP3	9606.ENSP00000359504	9606.ENSP00000226299	0	0	0	0	0.625	0	0	0	0.625
GBP1	OAS3	9606.ENSP00000359504	9606.ENSP00000228928	0	0	0	0	0.457	0	0	0.583	0.764
GBP1	ZC3HAV1	9606.ENSP00000359504	9606.ENSP00000242351	0	0	0	0	0.208	0	0	0.313	0.433
GBP1	LGALS3	9606.ENSP00000359504	9606.ENSP00000254301	0	0	0	0	0.122	0	0	0.547	0.585
GBP1	ISG20	9606.ENSP00000359504	9606.ENSP00000306565	0	0	0	0	0.206	0	0	0.739	0.784
GBP1	SP100	9606.ENSP00000359504	9606.ENSP00000343023	0	0	0	0	0.334	0	0	0.174	0.426
GBP1	TAP1	9606.ENSP00000359504	9606.ENSP00000346206	0	0	0	0	0.745	0.045	0	0.191	0.786
GBP1	WARS1	9606.ENSP00000359504	9606.ENSP00000347495	0	0	0	0	0.336	0	0	0.415	0.594
GBP1	PSMB10	9606.ENSP00000359504	9606.ENSP00000351314	0	0	0	0	0.297	0.074	0	0.510	0.653
GBP1	STAT1	9606.ENSP00000359504	9606.ENSP00000354394	0	0	0	0	0.790	0	0.500	0.734	0.969
GBP1	PSME1	9606.ENSP00000359504	9606.ENSP00000372155	0	0	0	0	0.261	0.071	0	0.265	0.452
GBP1	TAPBP	9606.ENSP00000359504	9606.ENSP00000404833	0	0	0	0	0.296	0	0	0.257	0.455
GBP1	TAP2	9606.ENSP00000359504	9606.ENSP00000364032	0	0	0	0	0.463	0.045	0	0.041	0.465
GBP1	HLA-C	9606.ENSP00000359504	9606.ENSP00000365402	0	0	0	0	0.195	0	0	0.461	0.547
GBP1	HLA-DRA	9606.ENSP00000359504	9606.ENSP00000378786	0	0	0	0	0.172	0	0	0.549	0.611
GBP1	HLA-B	9606.ENSP00000359504	9606.ENSP00000399168	0	0	0	0	0.293	0	0	0.641	0.735
GBP1	PSMB9	9606.ENSP00000359504	9606.ENSP00000363993	0	0	0	0	0.567	0	0	0.435	0.745
GBP1	IFIT1	9606.ENSP00000359504	9606.ENSP00000360869	0	0	0	0	0.370	0	0	0.735	0.826
GSTO1	NDUFA5	9606.ENSP00000358727	9606.ENSP00000417142	0	0	0	0	0.055	0.523	0	0.156	0.586
GYG1	PYGB	9606.ENSP00000340736	9606.ENSP00000216962	0	0	0	0	0.101	0.484	0.750	0.656	0.954
HLA-A	PSME2	9606.ENSP00000379873	9606.ENSP00000216802	0	0	0	0	0.261	0	0	0.235	0.410
HLA-A	ICAM1	9606.ENSP00000379873	9606.ENSP00000264832	0	0	0	0	0.086	0	0	0.434	0.460
HLA-A	TAP1	9606.ENSP00000379873	9606.ENSP00000346206	0	0	0	0	0.492	0.625	0.900	0.275	0.984
HLA-A	PSMB10	9606.ENSP00000379873	9606.ENSP00000351314	0	0	0	0	0.198	0	0	0.444	0.535
HLA-A	STAT1	9606.ENSP00000379873	9606.ENSP00000354394	0	0	0	0	0.267	0	0.500	0.419	0.768
HLA-A	PSMB9	9606.ENSP00000379873	9606.ENSP00000363993	0	0	0	0	0.429	0	0	0.620	0.773
HLA-A	TAP2	9606.ENSP00000379873	9606.ENSP00000364032	0	0	0	0	0.149	0.510	0.900	0.224	0.963
HLA-A	HLA-C	9606.ENSP00000379873	9606.ENSP00000365402	0	0	0.050	0.980	0.772	0.596	0.900	0.848	0.998
HLA-A	PSME1	9606.ENSP00000379873	9606.ENSP00000372155	0	0	0	0	0.277	0	0	0.252	0.437
HLA-A	HLA-DRA	9606.ENSP00000379873	9606.ENSP00000378786	0	0	0	0.614	0.263	0	0.900	0.383	0.950
HLA-A	SOD2	9606.ENSP00000379873	9606.ENSP00000446252	0	0	0	0	0.084	0	0	0.386	0.413
HLA-A	HLA-DPA1	9606.ENSP00000379873	9606.ENSP00000393566	0	0	0	0.606	0.311	0.168	0.900	0.342	0.957
HLA-A	TAPBP	9606.ENSP00000379873	9606.ENSP00000404833	0	0.001	0	0	0.166	0.961	0.900	0.691	0.998
HLA-A	HLA-B	9606.ENSP00000379873	9606.ENSP00000399168	0	0	0.049	0.982	0.999	0.316	0.900	0.823	0.999
HLA-B	ISG20	9606.ENSP00000399168	9606.ENSP00000306565	0	0	0	0	0.190	0	0	0.456	0.540
HLA-B	TAP1	9606.ENSP00000399168	9606.ENSP00000346206	0	0	0	0	0.640	0.292	0.500	0.478	0.924
HLA-B	PSMB10	9606.ENSP00000399168	9606.ENSP00000351314	0	0	0	0	0.257	0	0	0.430	0.559
HLA-B	STAT1	9606.ENSP00000399168	9606.ENSP00000354394	0	0	0	0	0.318	0.223	0.500	0.391	0.817
HLA-B	IFIT1	9606.ENSP00000399168	9606.ENSP00000360869	0	0	0	0	0.152	0	0	0.469	0.530
HLA-B	PSMB9	9606.ENSP00000399168	9606.ENSP00000363993	0	0	0	0	0.537	0	0	0.582	0.798
HLA-B	TAP2	9606.ENSP00000399168	9606.ENSP00000364032	0	0	0	0	0.232	0.077	0.500	0.444	0.776
HLA-B	HLA-C	9606.ENSP00000399168	9606.ENSP00000365402	0	0	0.049	0.982	0.782	0.605	0.900	0.869	0.998
HLA-B	HLA-DRA	9606.ENSP00000399168	9606.ENSP00000378786	0	0	0	0.610	0.443	0	0.900	0.596	0.975
HLA-B	HLA-DPA1	9606.ENSP00000399168	9606.ENSP00000393566	0	0	0.107	0.600	0.356	0	0.900	0.339	0.956
HLA-B	SOD2	9606.ENSP00000399168	9606.ENSP00000446252	0	0	0	0	0.109	0	0	0.384	0.427
HLA-B	TAPBP	9606.ENSP00000399168	9606.ENSP00000404833	0	0.001	0	0	0.225	0.908	0.900	0.802	0.998
HLA-C	ISG20	9606.ENSP00000365402	9606.ENSP00000306565	0	0	0	0	0.148	0	0	0.437	0.500
HLA-C	TAP1	9606.ENSP00000365402	9606.ENSP00000346206	0	0	0	0	0.286	0	0.500	0.224	0.699
HLA-C	PSMB10	9606.ENSP00000365402	9606.ENSP00000351314	0	0	0	0	0.140	0	0	0.403	0.465
HLA-C	STAT1	9606.ENSP00000365402	9606.ENSP00000354394	0	0	0	0	0.146	0	0.500	0.589	0.809
HLA-C	PSMB5	9606.ENSP00000365402	9606.ENSP00000355325	0	0	0	0	0.059	0	0	0.420	0.430
HLA-C	IFIT1	9606.ENSP00000365402	9606.ENSP00000360869	0	0	0	0	0.131	0	0	0.454	0.505
HLA-C	PSMB9	9606.ENSP00000365402	9606.ENSP00000363993	0	0	0	0	0.270	0	0	0.512	0.628
HLA-C	TAP2	9606.ENSP00000365402	9606.ENSP00000364032	0	0	0	0	0.127	0.292	0.500	0.221	0.727
HLA-C	HLA-DPA1	9606.ENSP00000365402	9606.ENSP00000393566	0	0	0	0.601	0.197	0	0.900	0.336	0.942
HLA-C	HLA-DRA	9606.ENSP00000365402	9606.ENSP00000378786	0	0	0	0.609	0.194	0	0.900	0.555	0.961
HLA-C	TAPBP	9606.ENSP00000365402	9606.ENSP00000404833	0	0.001	0	0	0.138	0.132	0.900	0.786	0.981
HLA-DPA1	STAT1	9606.ENSP00000393566	9606.ENSP00000354394	0	0	0	0	0.193	0	0.500	0.275	0.682
HLA-DPA1	PSMB9	9606.ENSP00000393566	9606.ENSP00000363993	0	0	0	0	0.310	0	0	0.370	0.547
HLA-DPA1	HLA-DRA	9606.ENSP00000393566	9606.ENSP00000378786	0	0	0.062	0.956	0.999	0	0.900	0.403	0.999
HLA-DPA1	TAPBP	9606.ENSP00000393566	9606.ENSP00000404833	0	0	0	0	0.091	0.191	0	0.325	0.460
HLA-DRA	ISG20	9606.ENSP00000378786	9606.ENSP00000306565	0	0	0	0	0.080	0	0	0.468	0.489
HLA-DRA	TAP1	9606.ENSP00000378786	9606.ENSP00000346206	0	0	0	0	0.227	0	0	0.409	0.524
HLA-DRA	STAT1	9606.ENSP00000378786	9606.ENSP00000354394	0	0	0	0	0.193	0	0.500	0.657	0.849
HLA-DRA	IFIT1	9606.ENSP00000378786	9606.ENSP00000360869	0	0	0	0	0.073	0	0	0.510	0.526
HLA-DRA	PSMB9	9606.ENSP00000378786	9606.ENSP00000363993	0	0	0	0	0.292	0	0	0.550	0.668
HLA-DRA	TAP2	9606.ENSP00000378786	9606.ENSP00000364032	0	0	0	0	0.100	0	0	0.442	0.476
HLA-DRA	TAPBP	9606.ENSP00000378786	9606.ENSP00000404833	0	0	0	0	0.084	0.296	0	0.338	0.536
HMGCL	SOD2	9606.ENSP00000363614	9606.ENSP00000446252	0	0	0	0	0.115	0	0	0.606	0.637
ICAM1	RAC2	9606.ENSP00000264832	9606.ENSP00000249071	0	0	0	0	0.142	0	0	0.552	0.599
ICAM1	LGALS3	9606.ENSP00000264832	9606.ENSP00000254301	0	0	0	0	0.083	0	0	0.657	0.672
ICAM1	SOD2	9606.ENSP00000264832	9606.ENSP00000446252	0	0	0	0	0.169	0	0	0.426	0.502
ICAM1	RHOA	9606.ENSP00000264832	9606.ENSP00000400175	0	0	0	0	0.055	0	0	0.534	0.541
ICAM1	PTK2	9606.ENSP00000264832	9606.ENSP00000341189	0	0	0	0	0.042	0	0	0.591	0.591
ICAM1	STAT1	9606.ENSP00000264832	9606.ENSP00000354394	0	0	0	0	0.116	0	0.500	0.594	0.805
IFIT1	LAP3	9606.ENSP00000360869	9606.ENSP00000226299	0.042	0	0	0	0.448	0	0	0	0.448
IFIT1	OAS3	9606.ENSP00000360869	9606.ENSP00000228928	0	0	0	0	0.789	0.091	0	0.832	0.965
IFIT1	ZC3HAV1	9606.ENSP00000360869	9606.ENSP00000242351	0	0	0	0	0.186	0.049	0	0.401	0.496
IFIT1	ISG20	9606.ENSP00000360869	9606.ENSP00000306565	0	0	0	0	0.177	0	0	0.719	0.759
IFIT1	SP100	9606.ENSP00000360869	9606.ENSP00000343023	0	0	0	0	0.273	0	0	0.280	0.455
IFIT1	STAT1	9606.ENSP00000360869	9606.ENSP00000354394	0	0	0	0	0.522	0	0.400	0.824	0.945
IFIT1	PSMB9	9606.ENSP00000360869	9606.ENSP00000363993	0	0	0	0	0.185	0.046	0	0.323	0.428
ISG20	OAS3	9606.ENSP00000306565	9606.ENSP00000228928	0	0	0	0	0.204	0	0	0.582	0.653
ISG20	ZC3HAV1	9606.ENSP00000306565	9606.ENSP00000242351	0.044	0	0	0	0.139	0	0	0.411	0.474
ISG20	TAP1	9606.ENSP00000306565	9606.ENSP00000346206	0	0	0	0	0.347	0	0	0.158	0.427
ISG20	PSMB9	9606.ENSP00000306565	9606.ENSP00000363993	0	0	0	0	0.299	0	0	0.371	0.540
ISG20	SP100	9606.ENSP00000306565	9606.ENSP00000343023	0	0	0	0	0.138	0	0	0.677	0.709
ISG20	STAT1	9606.ENSP00000306565	9606.ENSP00000354394	0	0	0	0	0.260	0	0.500	0.584	0.832
LAP3	PSME2	9606.ENSP00000226299	9606.ENSP00000216802	0	0	0	0	0.658	0	0	0.050	0.661
LAP3	TAP1	9606.ENSP00000226299	9606.ENSP00000346206	0	0	0	0	0.393	0	0	0.091	0.424
LAP3	WARS1	9606.ENSP00000226299	9606.ENSP00000347495	0	0	0	0	0.426	0.099	0	0.130	0.510
LAP3	PREP	9606.ENSP00000226299	9606.ENSP00000499089	0	0	0	0	0.066	0	0	0.512	0.525
LAP3	OAS3	9606.ENSP00000226299	9606.ENSP00000228928	0	0	0	0	0.623	0	0	0	0.623
LAP3	STAT1	9606.ENSP00000226299	9606.ENSP00000354394	0	0	0	0	0.770	0.048	0	0.075	0.779
NUB1	PSME2	9606.ENSP00000454264	9606.ENSP00000216802	0	0	0	0	0.084	0	0.500	0.282	0.642
NUB1	PSMB10	9606.ENSP00000454264	9606.ENSP00000351314	0	0	0	0	0.118	0	0.500	0.169	0.601
NUB1	PSMB5	9606.ENSP00000454264	9606.ENSP00000355325	0	0	0	0	0.067	0	0.500	0.043	0.514
NUB1	PSMB9	9606.ENSP00000454264	9606.ENSP00000363993	0	0	0	0	0.127	0	0.500	0.108	0.576
NUB1	PSME1	9606.ENSP00000454264	9606.ENSP00000372155	0	0	0	0	0.140	0	0.500	0.158	0.606
OAS3	ZC3HAV1	9606.ENSP00000228928	9606.ENSP00000242351	0	0	0	0	0.246	0.074	0	0.393	0.540
OAS3	SP100	9606.ENSP00000228928	9606.ENSP00000343023	0	0	0.236	0	0.342	0	0	0.250	0.590
OAS3	STAT1	9606.ENSP00000228928	9606.ENSP00000354394	0	0	0	0	0.714	0	0.500	0.740	0.959
OGDH	PPA2	9606.ENSP00000388183	9606.ENSP00000343885	0	0	0	0	0.109	0	0	0.489	0.525
OGDH	PDP1	9606.ENSP00000388183	9606.ENSP00000379503	0	0	0	0	0.097	0.046	0	0.405	0.443
OGDH	SOD2	9606.ENSP00000388183	9606.ENSP00000446252	0	0	0	0	0.125	0	0	0.367	0.423
PARN	ZC3HAV1	9606.ENSP00000387911	9606.ENSP00000242351	0	0	0	0	0.075	0.292	0	0.648	0.749
PDP1	PYGB	9606.ENSP00000379503	9606.ENSP00000216962	0.043	0	0	0	0.060	0	0	0.387	0.400
PPA2	SAE1	9606.ENSP00000343885	9606.ENSP00000270225	0	0	0	0	0.081	0.091	0	0.442	0.493
PPA2	SOD2	9606.ENSP00000343885	9606.ENSP00000446252	0	0	0	0	0.192	0.143	0	0.254	0.438
PSMB10	PSME2	9606.ENSP00000351314	9606.ENSP00000216802	0	0	0	0	0.541	0.441	0	0.924	0.979
PSMB10	TAP1	9606.ENSP00000351314	9606.ENSP00000346206	0	0	0	0	0.519	0.045	0	0.247	0.624
PSMB10	TAP2	9606.ENSP00000351314	9606.ENSP00000364032	0	0	0	0	0.320	0.045	0	0.499	0.647
PSMB10	STAT1	9606.ENSP00000351314	9606.ENSP00000354394	0	0	0	0	0.323	0	0	0.636	0.743
PSMB10	TAPBP	9606.ENSP00000351314	9606.ENSP00000404833	0	0	0	0	0.178	0.071	0	0.794	0.829
PSMB10	PSME1	9606.ENSP00000351314	9606.ENSP00000372155	0	0	0	0	0.501	0.542	0	0.935	0.983
PSMB10	PSMB5	9606.ENSP00000351314	9606.ENSP00000355325	0	0	0	0.671	0.495	0.925	0.720	0.405	0.992
PSMB10	PSMB9	9606.ENSP00000351314	9606.ENSP00000363993	0	0	0	0.748	0.893	0.988	0.720	0.987	0.999
PSMB5	PSME2	9606.ENSP00000355325	9606.ENSP00000216802	0	0	0	0	0.208	0.918	0	0.843	0.989
PSMB5	TAPBP	9606.ENSP00000355325	9606.ENSP00000404833	0	0	0	0	0.139	0.071	0	0.383	0.463
PSMB5	PSME1	9606.ENSP00000355325	9606.ENSP00000372155	0	0	0	0	0.135	0.912	0	0.855	0.988
PSMB5	PSMB9	9606.ENSP00000355325	9606.ENSP00000363993	0	0	0.118	0.724	0.555	0.956	0.720	0.588	0.997
PSMB9	PSME2	9606.ENSP00000363993	9606.ENSP00000216802	0	0	0	0	0.520	0.884	0	0.844	0.990
PSMB9	TAP1	9606.ENSP00000363993	9606.ENSP00000346206	0	0.021	0	0	0.849	0.230	0	0.851	0.981
PSMB9	STAT1	9606.ENSP00000363993	9606.ENSP00000354394	0	0	0	0	0.519	0	0	0.804	0.901
PSMB9	TAPBP	9606.ENSP00000363993	9606.ENSP00000404833	0	0	0	0	0.319	0	0	0.845	0.890
PSMB9	TAP2	9606.ENSP00000363993	9606.ENSP00000364032	0	0.054	0	0	0.557	0.230	0	0.858	0.948
PSMB9	PSME1	9606.ENSP00000363993	9606.ENSP00000372155	0	0	0	0	0.662	0.855	0	0.884	0.993
PSME1	PSME2	9606.ENSP00000372155	9606.ENSP00000216802	0	0	0.085	0.908	0.913	0.989	0.900	0.984	0.999
PSME1	TAP1	9606.ENSP00000372155	9606.ENSP00000346206	0	0	0	0	0.402	0	0	0.110	0.445
PSME1	STAT1	9606.ENSP00000372155	9606.ENSP00000354394	0	0	0	0	0.449	0	0	0.270	0.581
PSME1	TAPBP	9606.ENSP00000372155	9606.ENSP00000404833	0	0	0	0	0.202	0	0	0.588	0.657
PSME2	TAP2	9606.ENSP00000216802	9606.ENSP00000364032	0	0	0	0	0.295	0	0	0.230	0.434
PSME2	WARS1	9606.ENSP00000216802	9606.ENSP00000347495	0	0	0	0	0.254	0	0	0.286	0.444
PSME2	TAPBP	9606.ENSP00000216802	9606.ENSP00000404833	0	0	0	0	0.172	0	0	0.518	0.584
PSME2	TAP1	9606.ENSP00000216802	9606.ENSP00000346206	0	0	0	0	0.476	0	0	0.242	0.586
PSME2	STAT1	9606.ENSP00000216802	9606.ENSP00000354394	0	0	0	0	0.596	0	0	0.323	0.714
PTK2	STAT1	9606.ENSP00000341189	9606.ENSP00000354394	0	0	0	0	0.087	0.775	0	0.328	0.850
PTK2	RHOA	9606.ENSP00000341189	9606.ENSP00000400175	0	0	0	0	0.086	0	0.900	0.830	0.983
PYGB	S100B	9606.ENSP00000216962	9606.ENSP00000291700	0	0	0	0	0	0	0	0.482	0.482
RAB10	RABGGTA	9606.ENSP00000264710	9606.ENSP00000382341	0	0	0	0	0.044	0	0.500	0.199	0.584
RAB10	RAB8A	9606.ENSP00000264710	9606.ENSP00000300935	0	0	0.057	0.967	0.143	0.620	0.500	0.071	0.831
RAB8A	TBC1D17	9606.ENSP00000300935	9606.ENSP00000221543	0	0	0	0	0	0.307	0.500	0.406	0.776
RAB8A	RAC2	9606.ENSP00000300935	9606.ENSP00000249071	0	0	0	0.726	0.095	0.209	0	0.252	0.418
RAB8A	RABGGTA	9606.ENSP00000300935	9606.ENSP00000382341	0	0	0	0	0.056	0.292	0.500	0.317	0.741
RAC2	RHOA	9606.ENSP00000249071	9606.ENSP00000400175	0	0	0.062	0.945	0.159	0.295	0.900	0.091	0.940
RBM42	SNRPD2	9606.ENSP00000262633	9606.ENSP00000342374	0	0	0	0	0.116	0.825	0.540	0	0.923
SAE1	SP100	9606.ENSP00000270225	9606.ENSP00000343023	0	0	0	0	0.054	0	0	0.624	0.629
SP100	STAT1	9606.ENSP00000343023	9606.ENSP00000354394	0	0	0	0	0.315	0	0.500	0.329	0.750
STAT1	ZC3HAV1	9606.ENSP00000354394	9606.ENSP00000242351	0	0	0	0	0.212	0	0	0.307	0.430
STAT1	TAP1	9606.ENSP00000354394	9606.ENSP00000346206	0	0	0	0	0.791	0	0	0.224	0.831
STAT1	WARS1	9606.ENSP00000354394	9606.ENSP00000347495	0	0	0	0	0.454	0	0	0.323	0.615
STAT1	TAPBP	9606.ENSP00000354394	9606.ENSP00000404833	0	0	0	0	0.288	0	0	0.396	0.551
STAT1	TAP2	9606.ENSP00000354394	9606.ENSP00000364032	0	0	0	0	0.557	0	0	0.092	0.581
TAP1	WARS1	9606.ENSP00000346206	9606.ENSP00000347495	0.044	0	0	0	0.358	0	0	0.116	0.410
TAP1	TAPBP	9606.ENSP00000346206	9606.ENSP00000404833	0	0	0	0	0.297	0.826	0.900	0.640	0.995
TAP1	TAP2	9606.ENSP00000346206	9606.ENSP00000364032	0	0	0.112	0.853	0.780	0.986	0.900	0.986	0.999
TAP2	TAPBP	9606.ENSP00000364032	9606.ENSP00000404833	0	0	0	0	0.346	0.639	0.900	0.597	0.989
